use sgass;

INSERT INTO `provincia` (`id`, `nomepv`, `created_at`, `updated_at`) VALUES
(1, 'Selecionar Provincia', '2018-01-26 03:00:45', '2018-01-26 03:00:45'),
(2, 'Maputo', '2019-01-26 03:00:45', '2019-01-26 03:00:45'),
(3, 'Gaza', '2019-01-26 03:03:05', '2019-01-26 03:03:05'),
(4, 'Inhambane', '2019-01-26 03:03:30', '2019-01-26 03:03:30'),
(5, 'Manica', '2019-01-26 03:04:19', '2019-01-26 03:04:19'),
(6, 'Sofala', '2019-01-26 03:04:39', '2019-01-26 03:04:39'),
(7, 'Tete', '2019-01-26 03:04:51', '2019-01-26 03:04:51'),
(8, 'Zambezia', '2019-01-26 03:05:06', '2019-01-26 03:05:06'),
(9, 'Nampula', '2019-01-26 03:05:18', '2019-01-26 03:05:18'),
(10, 'Niassa', '2019-01-26 03:05:26', '2019-01-26 03:05:26'),
(11, 'Cabo Delgado', '2019-01-26 03:05:36', '2019-01-26 03:05:36');

-- --------------------------------------------------------

INSERT INTO `marca` (`id`, `nome`, `created_at`, `updated_at`) VALUES
(1, 'Konica Minolta', '2019-01-20 11:32:43', '2019-01-20 11:32:43'),
(2, 'Lexmark', '2019-01-20 11:32:52', '2019-01-20 11:32:52'),
(3, 'Samsung', '2019-01-22 10:21:11', '2019-01-22 10:21:11');

-- --------------------------------------------------------


INSERT INTO `modelo` (`id`, `nome`, `marca_id`, `created_at`, `updated_at`) VALUES
(1, 'B363', 1, '2019-01-22 21:48:27', '2019-01-22 21:48:27'),
(2, 'XM1140', 2, '2019-01-22 21:49:52', '2019-01-22 21:49:52'),
(3, 'C224e', 1, '2019-02-05 04:02:26', '2019-02-05 04:02:26'),
(4, 'C454e', 1, '2019-02-05 04:02:36', '2019-02-05 04:02:36'),
(5, 'C360', 1, '2019-02-05 04:03:08', '2019-02-05 04:03:08'),
(6, 'C280', 1, '2019-02-05 04:03:12', '2019-02-05 04:03:12'),
(7, 'C220', 1, '2019-02-05 04:03:17', '2019-02-05 04:03:17'),
(8, 'B367', 1, '2019-02-05 04:03:46', '2019-02-05 04:03:46'),
(9, 'B227', 1, '2019-02-05 04:03:52', '2019-02-05 04:03:52'),
(10, 'B215', 1, '2019-02-05 04:04:07', '2019-02-05 04:04:07'),
(11, 'X795dte', 2, '2019-02-05 04:05:16', '2019-02-05 04:05:16'),
(12, 'XM1140', 2, '2019-02-05 04:05:26', '2019-02-05 04:05:26'),
(13, 'XS748', 2, '2019-02-05 04:05:38', '2019-02-05 04:05:38'),
(14, 'X364dn', 2, '2019-02-05 04:05:51', '2019-02-05 04:05:51'),
(15, 'B42', 1, '2019-02-05 04:07:07', '2019-02-05 04:07:07'),
(16, 'XC2132', 2, '2020-03-26 17:24:30', '2020-03-26 17:24:30');

-- --------------------------------------------------------


INSERT INTO `distrito` (`id`, `nomedt`, `prov_id`, `created_at`, `updated_at`) VALUES
(1, 'Kamfumo', 2, '2019-01-26 08:36:58', '2019-01-26 08:36:58'),
(2, 'Nkanogola', 7, '2019-01-29 07:28:12', '2019-01-29 07:28:12'),
(3, 'Boane', 2, '2019-02-05 03:03:02', '2019-02-05 03:03:02'),
(4, 'Magude', 2, '2019-02-05 03:03:21', '2019-02-05 03:03:21'),
(5, 'Manhiça', 2, '2019-02-05 03:03:55', '2019-02-05 03:03:55'),
(6, 'Marracuene', 2, '2019-02-05 03:04:12', '2019-02-05 03:04:12'),
(7, 'Matola', 2, '2019-02-05 03:04:19', '2019-02-05 03:04:19'),
(8, 'Matutuine', 2, '2019-02-05 03:04:38', '2019-02-05 03:04:38'),
(9, 'Moamba', 2, '2019-02-05 03:04:45', '2019-02-05 03:04:45'),
(10, 'Namaacha', 2, '2019-02-05 03:05:01', '2019-02-05 03:05:01'),
(11, 'Bilene', 3, '2019-02-05 03:05:54', '2019-02-05 03:05:54'),
(12, 'Chibuto', 3, '2019-02-05 03:06:04', '2019-02-05 03:06:04'),
(13, 'Chicualacuala', 3, '2019-02-05 03:06:28', '2019-02-05 03:06:28'),
(14, 'Chigubo', 3, '2019-02-05 03:06:37', '2019-02-05 03:06:37'),
(15, 'Chokwe', 3, '2019-02-05 03:06:55', '2019-02-05 03:06:55'),
(16, 'Chongoene', 3, '2019-02-05 03:07:09', '2019-02-05 03:07:09'),
(17, 'Guija', 3, '2019-02-05 03:07:24', '2019-02-05 03:07:24'),
(18, 'Limpopo', 3, '2019-02-05 03:07:34', '2019-02-05 03:07:34'),
(19, 'Mabalane', 3, '2019-02-05 03:07:47', '2019-02-05 03:07:47'),
(20, 'Manjacaze', 3, '2019-02-05 03:08:09', '2019-02-05 03:08:09'),
(21, 'Mapai', 3, '2019-02-05 03:08:22', '2019-02-05 03:08:22'),
(22, 'Massanguene', 3, '2019-02-05 03:08:34', '2019-02-05 03:08:34'),
(23, 'Massingir', 3, '2019-02-05 03:08:49', '2019-02-05 03:08:49'),
(24, 'Xai-Xai', 3, '2019-02-05 03:09:02', '2019-02-05 03:09:02'),
(25, 'Funhalouro', 4, '2019-02-05 03:09:30', '2019-02-05 03:09:30'),
(26, 'Govuro', 4, '2019-02-05 03:09:45', '2019-02-05 03:09:45'),
(27, 'Homoine', 4, '2019-02-05 03:10:00', '2019-02-05 03:10:00'),
(28, 'Inhambane', 4, '2019-02-05 03:10:25', '2019-02-05 03:10:25'),
(29, 'Inharime', 4, '2019-02-05 03:10:39', '2019-02-05 03:10:39'),
(30, 'Inhassoro', 4, '2019-02-05 03:10:54', '2019-02-05 03:10:54'),
(31, 'Jangamo', 4, '2019-02-05 03:11:14', '2019-02-05 03:11:14'),
(32, 'Mabote', 4, '2019-02-05 03:11:26', '2019-02-05 03:11:26'),
(33, 'Massinga', 4, '2019-02-05 03:11:35', '2019-02-05 03:11:35'),
(34, 'Maxixe', 4, '2019-02-05 03:11:46', '2019-02-05 03:11:46'),
(35, 'Morrumbene', 4, '2019-02-05 03:11:56', '2019-02-05 03:11:56'),
(36, 'Panda', 4, '2019-02-05 03:12:06', '2019-02-05 03:12:06'),
(37, 'Panda', 4, '2019-02-05 03:12:18', '2019-02-05 03:12:18'),
(38, 'Vinlanculos', 4, '2019-02-05 03:12:32', '2019-02-05 03:12:32'),
(39, 'Zavala', 4, '2019-02-05 03:12:41', '2019-02-05 03:12:41'),
(40, 'Angonia', 7, '2019-02-05 03:13:39', '2019-02-05 03:13:39'),
(41, 'Cahora-Bassa', 7, '2019-02-05 03:13:51', '2019-02-05 03:13:51'),
(42, 'Changara', 7, '2019-02-05 03:14:05', '2019-02-05 03:14:05'),
(43, 'Chifunde', 7, '2019-02-05 03:14:18', '2019-02-05 03:14:18'),
(44, 'Chiuta', 7, '2019-02-05 03:14:31', '2019-02-05 03:14:31'),
(45, 'Dôa', 7, '2019-02-05 03:14:50', '2019-02-05 03:14:50'),
(46, 'Macanga', 7, '2019-02-05 03:15:09', '2019-02-05 03:15:09'),
(47, 'Magoe', 7, '2019-02-05 03:15:22', '2019-02-05 03:15:22'),
(48, 'Marara', 7, '2019-02-05 03:15:33', '2019-02-05 03:15:33'),
(49, 'Maravia', 7, '2019-02-05 03:15:47', '2019-02-05 03:15:47'),
(50, 'Moatize', 7, '2019-02-05 03:16:00', '2019-02-05 03:16:00'),
(51, 'Mutarara', 7, '2019-02-05 03:16:12', '2019-02-05 03:16:12'),
(52, 'Tete', 7, '2019-02-05 03:16:22', '2019-02-05 03:16:22'),
(53, 'Tsangano', 7, '2019-02-05 03:16:33', '2019-02-05 03:16:33'),
(54, 'Zumbo', 7, '2019-02-05 03:16:42', '2019-02-05 03:16:42'),
(55, 'Beira', 6, '2019-02-05 03:17:26', '2019-02-05 03:17:26'),
(56, 'Buzi', 6, '2019-02-05 03:17:34', '2019-02-05 03:17:34'),
(57, 'Caia', 6, '2019-02-05 03:17:45', '2019-02-05 03:17:45'),
(58, 'Cheringoma', 6, '2019-02-05 03:18:17', '2019-02-05 03:18:17'),
(59, 'Chibabava', 6, '2019-02-05 03:18:36', '2019-02-05 03:18:36'),
(60, 'Dondo', 6, '2019-02-05 03:18:49', '2019-02-05 03:18:49'),
(61, 'Gorongoza', 6, '2019-02-05 03:19:10', '2019-02-05 03:19:10'),
(62, 'Machanga', 6, '2019-02-05 03:19:24', '2019-02-05 03:19:24'),
(63, 'Maringue', 6, '2019-02-05 03:19:35', '2019-02-05 03:19:35'),
(64, 'Marromeu', 6, '2019-02-05 03:19:56', '2019-02-05 03:19:56'),
(65, 'Moaze', 6, '2019-02-05 03:20:07', '2019-02-05 03:20:07'),
(66, 'Nhamatanda', 6, '2019-02-05 03:20:18', '2019-02-05 03:20:18'),
(67, 'Chimbonila', 10, '2019-02-05 03:20:57', '2019-02-05 03:20:57'),
(68, 'Cuamba', 10, '2019-02-05 03:21:27', '2019-02-05 03:21:27'),
(69, 'Lago', 10, '2019-02-05 03:21:37', '2019-02-05 03:21:37'),
(70, 'Lago', 10, '2019-02-05 03:21:56', '2019-02-05 03:21:56'),
(71, 'Majune', 10, '2019-02-05 03:23:30', '2019-02-05 03:23:30'),
(72, 'Mndimba', 10, '2019-02-05 03:23:46', '2019-02-05 03:23:46'),
(73, 'Marrupa', 10, '2019-02-05 03:24:02', '2019-02-05 03:24:02'),
(74, 'Maúa', 10, '2019-02-05 03:24:29', '2019-02-05 03:24:29'),
(75, 'Mavago', 10, '2019-02-05 03:24:40', '2019-02-05 03:24:40'),
(76, 'Mecanhelas', 10, '2019-02-05 03:24:59', '2019-02-05 03:24:59'),
(77, 'Mecula', 10, '2019-02-05 03:25:11', '2019-02-05 03:25:11'),
(78, 'Metarica', 10, '2019-02-05 03:25:20', '2019-02-05 03:25:20'),
(79, 'Muembe', 10, '2019-02-05 03:25:34', '2019-02-05 03:25:34'),
(80, 'N\'gauma', 10, '2019-02-05 03:25:46', '2019-02-05 03:25:46'),
(81, 'Nipepe', 10, '2019-02-05 03:25:55', '2019-02-05 03:25:55'),
(82, 'Sanga', 10, '2019-02-05 03:26:05', '2019-02-05 03:26:05');

-- --------------------------------------------------------


INSERT INTO `especificacao` (`id`, `nome`, `created_at`, `updated_at`) VALUES
(1, 'Selecionar Especificacao', '2018-01-26 09:09:57', '2018-01-26 09:09:57'),
(2, 'Assistente Administrativo', '2019-01-26 09:09:57', '2019-01-26 09:09:57'),
(3, 'Tecnico', '2019-01-26 09:10:07', '2019-01-26 09:10:07'),
(5, 'Gestor', '2019-01-26 09:10:55', '2019-01-26 09:10:55'),
(6, 'Contabilista', '2019-01-26 09:11:11', '2019-01-26 09:11:11');

-- --------------------------------------------------------



INSERT INTO `users` (`id`, `nameapelido`, `username`, `email`, `password`, `status`, `nivel`, `remember_token`, `created_at`, `updated_at`) VALUES
(1, 'Candido Malopa', 'Candido', 'candido.malopa@itecgroup.co.mz', '$2y$10$w3IVI23VCiC6KXblxhVJoOysTnggxvi48s2xStPANVAOGdqtwSxmG', 'Activo', '3', 'NBIreOqMFu0b7KcDi6Y1cR3sQ574LJnqAena7vi6aXzARiW5JUXh0cETDg4m', NULL, '2020-08-29 09:42:23'),
(2, 'Paulo Manjate', 'paulo', 'paulo.manjate@itecgroup.co.mz', '$2y$10$zS01m3sF9NhwTyZJ5zHKtux7DdIp14QXs6TE1TO9LFUi6NHuYiI9S', 'Activo', '3', 'wjuCYGKyTC7rU7Z1tQBsZauyAhIkBQFP1dpBFl2I6GqUQhSd9T4jdKAEqMyp', '2019-01-20 21:39:53', '2020-03-26 17:14:03'),
(3, 'Admin', 'Service Desk', 'demo@itecgroup.co.mz', '$2y$10$6RxBSin0hYth5P3TGIQ.quB2z/ce5gFbByaBhnRyjXDYSY4EQD4gi', 'Activo', '2', 'HQqFCVPaGVZ8qdhPBtjGtU0UaU3SKjsibfBRHEiZq5MHhHz7AYqGuyO3LBqC', '2019-01-26 21:56:17', '2020-08-29 09:38:39'),
(4, 'Helson Jossias', 'helson', 'helson.jossias@itecgroup.co.mz', '$2y$10$tYGWoeGdVNA2zP11nrvZN.QrWUIKyzu6nNUqtHNzF/Dv7dt7H8nxi', 'Activo', '5', 'QEX3lH8eoVMzjY4m5bqaxUGcBNnxc8uvu766CQDnZH79MqK4CKIi9kVx7Bif', '2020-03-26 17:11:31', '2020-03-26 17:11:31'),
(5, 'Nelma Roberto', 'Nelma Roberto', 'nelma.roberto@itecgroup.co.mz', '$2y$10$b1QyVYgxcK2hM6Jba1ke7ODyjrkWgUpHlLvmRetLoj2aVgJq5IUAq', 'Activo', '6', NULL, '2020-03-26 17:12:37', '2020-03-26 17:12:37'),
(6, 'Apoliario Albano', 'Apolinario', 'apolinario.albano@itecgroup.co.mz', '$2y$10$1njlJjfqHG0KIAcSeIGf5uie81h6a/0b4dx.0AuaWsoTAiA9TboaG', 'Activo', '3', 'rJwok1m2WHQdUoDcNygnOlLnxSAwCOTfs50QqORemripn9y79wkNwfiVKMNf', '2020-03-26 17:45:09', '2020-12-09 14:23:10');


INSERT INTO `cliente` (`id`, `nomeemp`, `tipo`, `email`, `nuit`, `tel`, `bairro`, `avenida`, `distri_id`, `created_at`, `updated_at`) VALUES
(2, 'MLT', 'CPP', 'MuhelinaJ@mozltc.com', '111', '25227044', 'Bairro M’Padue', 'Estrada Nacional Nº 7', 2, '2019-02-05 04:48:17', '2019-02-05 04:48:17'),
(3, 'Barloword', 'RENTAL', 'Mona@barloword.co.mz', '11111213', '21343533', 'Lingamo', 'Uniao Africana', 7, '2019-02-05 05:02:34', '2019-02-05 05:02:34'),
(4, 'Barloword', 'RENTAL', 'Moma@Barloword.co.mz', '1111133523', '2132423324', 'Moatize', NULL, 50, '2019-02-05 05:04:02', '2019-02-05 05:04:02'),
(5, 'Norco', 'CPP', 'Marknorton@norco.co.mz', '1111324323', '2143445634', 'Central', 'Vladimir Lenine', 1, '2019-02-05 05:05:59', '2019-02-05 05:05:59'),
(6, 'BP', 'RENTAL', 'baptista@bpmoz.co.mz', '3141244315', '21383764', 'central', '25 de Setembro', 1, '2020-03-26 17:23:18', '2020-03-26 17:23:18'),
(7, 'Lugar do Mar', 'RENTAL', 'joao@lugarmar.co.mz', '40233960', '2190939', NULL, NULL, 6, '2020-03-26 17:23:59', '2020-03-26 17:23:59');

-- --------------------------------------------------------


INSERT INTO `equipamento` (`id`, `nr_serie`, `model_id`, `cliente_id`, `created_at`, `updated_at`) VALUES
(1, '7041X21D344', 11, 3, '2020-03-26 17:20:49', '2020-03-26 17:20:49'),
(2, 'A022248373', 6, 5, '2020-03-26 17:21:06', '2020-03-26 17:21:06'),
(3, 'A02224823', 8, 2, '2020-03-26 17:21:20', '2020-03-26 17:21:20'),
(4, 'A02224233', 6, 3, '2020-03-26 17:22:00', '2020-03-26 17:22:00'),
(5, '7177357289', 16, 7, '2020-03-26 17:25:08', '2020-03-26 17:25:08'),
(6, '4213231243', 3, 6, '2020-03-26 17:25:28', '2020-03-26 17:25:28'),
(7, '53242423331', 1, 6, '2020-03-26 17:25:36', '2020-03-26 17:25:36');

-- --------------------------------------------------------

INSERT INTO `avaria` (`id`, `tipo`, `descricao`, `created_at`, `updated_at`) VALUES
(1, 'Optical Unit', 'Os problemas podem ser causados pela Lampada, Flat Cables, Scan Belt', '2019-01-27 00:10:28', '2019-01-27 00:10:28'),
(2, 'Unidade de Imagem', 'Problemas causados pelo desgate de pecas de revelacao que pode ser Drum, Developing unit, Developer.\r\nTambem pode ser por contaminacao de toner', '2019-01-27 00:13:02', '2019-01-27 00:13:02'),
(3, 'Brashless Motor', 'O problema pode ser causado por desgaste das emgrenagens, ou excesso de poeiras nos drive sections.', '2019-01-27 00:18:24', '2019-01-27 00:18:24');

-- --------------------------------------------------------


INSERT INTO `solecitacao` (`id`, `descricao`, `estado`, `clie_id`, `avaria_id`, `equip_id`, `distrit_id`, `created_at`, `updated_at`) VALUES
(1, 'Ma qualidade de imagem.', 'espera', 6, 2, 6, 1, '2020-03-26 17:27:29', '2020-03-26 17:27:29'),
(2, 'Papel impesso com manchas ', 'aberto', 3, 2, 1, 7, '2020-03-26 17:29:09', '2020-03-26 17:29:09'),
(3, 'barulho atras da maquina', 'aberto', 3, 3, 4, 7, '2020-04-13 16:55:09', '2020-04-13 16:55:09');

-- --------------------------------------------------------




INSERT INTO `alocacao` (`id`, `descAvaria`, `estado`, `nivelUrgenc`, `user_id`, `solec_id`, `created_at`, `updated_at`) VALUES
(6, 'qualidade ma qualidade de imagem.', 'espera', 'Urgente', 2, 1, '2020-04-13 22:41:02', '2020-04-13 22:41:02');


